u,g,r,i,z,redshift,u_g,g_r
19.8298,19.419,18.9151,19.558,18.654,3.125,0.4461,0.2931
19.5741,19.1985,18.8891,17.8286,18.6834,1.8355,-0.0511,-0.1694
17.043,16.7812,15.4739,15.9254,14.7476,0.0009,0.8006,1.042
21.3113,19.731,18.6018,18.3605,15.0126,0.2717,1.3584,1.5934
17.9424,16.6569,15.647,15.0942,15.2333,0.0001,1.913,0.4567
20.4943,20.862,18.1459,17.1517,16.9039,0.0688,1.5489,1.3272
21.2942,19.9585,17.7047,18.0709,17.7636,0.3177,1.9229,1.2749
22.2374,20.2973,19.193,17.1521,15.8176,0.0476,1.4917,1.1822
19.6079,18.5016,18.3838,18.0659,17.8862,2.2272,-0.14,1.0914
18.3643,19.167,17.5833,16.9541,16.9349,0.2814,1.4059,1.1161
19.085,16.2191,15.8639,16.3641,14.4518,0.0003,0.835,0.3955
17.8786,16.1784,16.1504,14.9105,14.449,0.0003,1.2967,0.6309
20.469,19.748,18.8223,17.1146,16.7282,0.2636,1.6921,0.7383
18.8028,16.5088,16.7024,16.5806,14.7577,0.0005,1.9507,0.3227
20.9378,19.3068,19.1228,16.026,17.3413,0.2044,1.6444,0.6616
21.8132,18.6222,16.884,17.7192,17.7011,0.2833,2.5375,1.3931
17.0398,14.7698,15.8999,15.3962,15.5398,0.0009,1.171,0.054
22.4533,19.4504,17.849,18.9475,17.1701,0.1403,1.6897,2.2375
20.1816,19.754,17.7275,17.7255,17.8022,0.3737,0.8175,1.3338
22.4034,20.511,18.1983,17.5512,16.4532,0.3284,1.8517,1.5931
19.7877,18.5699,18.9715,18.3778,18.7897,2.441,-0.1342,0.8677
20.5205,19.6598,18.7843,17.4414,17.5615,0.2963,1.0295,1.4951
19.9411,19.6619,18.4981,16.9526,17.6705,0.2671,2.052,1.7115
20.0554,19.3204,19.7997,19.1693,18.1753,0.9522,0.9164,-0.0914
21.076,19.4066,17.7754,18.3546,16.6836,0.2134,1.9406,1.8403
17.5186,16.4914,14.7845,15.1669,14.9655,0.0001,1.7833,0.8315
17.2585,16.7028,15.9218,14.0004,15.2169,0.0016,1.8404,0.3912
21.3423,20.4752,17.3066,16.8803,17.2366,0.2196,1.6248,1.5077
21.2614,19.559,18.5718,18.0405,18.2016,1.2504,0.2793,0.0732
20.3032,20.4602,18.1458,18.1969,17.4004,0.2209,1.5632,1.7487
18.6072,17.0288,14.9087,15.719,15.8567,0.0001,1.4225,0.8265
18.0734,18.0329,16.3614,14.5497,15.4152,0.0007,0.8266,1.3071
21.0953,19.0922,18.5542,16.6602,16.7282,0.2828,2.2035,1.5837
20.2333,19.2808,17.9684,16.6327,16.3768,0.2369,2.0289,0.9696
18.1575,16.1054,15.023,15.1616,16.277,0.0029,1.4168,0.2597
16.8602,17.9647,16.6073,15.0799,15.5483,0.001,1.24,0.6211
19.6859,19.434,19.7577,18.5398,19.4442,1.0953,-0.228,0.2817
21.7904,19.0137,17.9394,16.7219,17.3005,0.1293,0.8061,0.764
19.2541,19.1934,18.51,18.476,19.1355,1.1174,0.2131,0.7346
18.7806,20.2534,18.2486,19.3669,18.3674,1.8629,0.2402,-0.4463
17.0153,16.4611,16.4086,16.1283,15.4022,0.0011,1.5392,0.9059
16.9913,16.5606,15.4261,14.9052,15.4853,0.0027,1.83,1.018
18.2214,17.6515,16.1731,16.0978,16.1827,0.0016,1.4925,0.3738
20.9565,18.2611,17.9494,16.7576,17.1278,0.1464,1.2512,1.277
22.4314,17.86,17.2298,17.3729,16.2776,0.0716,1.3482,0.6779
20.1389,19.5846,18.5326,17.551,16.7772,0.1356,1.8117,1.168
20.6865,19.0323,18.6866,17.6358,15.8719,0.15,1.9197,0.8929
22.0818,20.4273,18.5539,15.9761,17.4168,0.1188,1.4595,1.3803
21.2493,20.8879,18.5052,17.0154,16.9562,0.1245,0.9769,1.3338
22.7,18.1761,19.1797,17.9222,16.4334,0.2517,1.2172,1.3035
17.0018,16.2143,15.5674,16.9639,15.6531,0.0008,1.2669,1.1601
17.9404,16.8601,16.8179,15.1789,15.5848,0.0003,1.5572,0.6998
20.0448,20.0936,19.3778,19.2625,17.6155,1.8083,0.542,0.3277
18.2856,17.2263,16.6293,14.5442,16.2253,0.0002,1.9156,0.675
20.8685,18.884,18.8661,18.5711,17.8664,0.1271,1.21,1.4229
21.6833,19.815,18.1324,18.3957,17.0979,0.1739,1.0974,0.4287
19.6224,17.8327,18.5089,16.8186,17.3763,0.1127,1.1253,1.479
20.8256,18.6664,19.2465,17.4551,16.0039,0.0391,2.4247,0.5344
18.0466,15.8871,15.817,16.0498,16.0202,0.0005,1.4348,0.8951
17.8037,16.1286,15.4238,15.2194,15.034,0.0008,1.422,0.5487
21.3892,19.1356,18.221,17.056,18.1484,0.301,1.0806,1.5012
19.1939,19.5253,19.2666,18.7415,18.3809,2.1657,0.1181,-0.1924
19.7722,19.6597,18.8274,18.8956,18.4048,2.4308,-0.1652,0.1885
19.7004,19.656,17.2948,18.2621,17.0243,0.0975,1.2235,2.4021
18.1732,15.3369,15.2488,15.7532,15.7894,0.0003,1.1106,0.6785
21.3675,17.8304,19.1594,17.7246,16.7575,0.2391,2.1966,1.1432
16.5896,16.3506,16.2177,15.646,14.3665,0.0012,1.6709,0.207
19.0088,19.6868,19.345,18.4871,18.2001,2.6229,-0.2365,0.317
21.2394,18.8336,18.2766,17.4573,17.4139,0.2537,0.7026,1.3372
18.7323,16.7392,15.6558,16.402,14.1983,0.0002,1.1762,0.2728
20.2152,19.562,19.3399,17.2794,16.7094,0.2601,0.9724,0.6602
18.1713,16.5542,15.9629,15.9366,16.508,0.0009,1.9756,0.7256
19.9194,19.2454,18.8127,18.3981,18.0447,3.2159,0.0286,0.5096
17.1538,16.026,15.5439,14.1807,16.8478,0.0001,1.6148,0.8775
19.4818,15.8719,16.7177,16.6287,14.4781,0.0018,1.5933,0.7059
17.0856,15.532,15.8179,15.7079,14.9059,0.0002,1.202,0.2491
21.8873,20.1513,16.9737,17.8328,16.4901,0.2403,1.2707,1.2433
19.6808,19.0168,17.9689,17.2626,17.3872,0.1949,1.5279,1.0377
21.3339,20.0717,19.5808,16.8034,17.8643,0.1178,1.5131,1.5438
21.5523,19.1391,18.4803,17.373,16.1675,0.2656,1.7551,0.4702
23.0565,19.7338,18.7455,16.9292,16.1744,0.1191,0.9972,1.1014
17.7424,15.5339,16.3896,14.6214,15.1185,0.0004,1.6871,0.4138
17.9713,17.5158,15.5944,16.0044,14.6446,0.0003,1.3768,0.604
17.7608,16.6283,16.8514,14.0457,15.536,0.0012,1.4163,0.7554
20.7985,19.0768,19.6602,17.7613,16.3105,0.3155,1.907,0.4603
19.0326,18.9859,18.9869,18.1819,19.114,1.8647,-0.0334,0.3254
20.2147,18.8743,19.0157,18.8973,18.2166,2.2433,-0.0448,-0.0628
18.3697,14.9522,16.8767,15.3316,15.689,0.0013,1.3736,1.1345
21.7427,18.9916,18.5191,16.8863,16.4475,0.1921,1.5007,1.0385
18.2369,15.3008,15.9957,16.5786,15.8514,0.0006,1.3965,0.8278
21.4633,20.1078,17.7701,17.2113,18.1469,0.2016,1.8984,1.6267
19.1452,18.9632,20.0413,19.3796,18.5697,1.1047,0.5077,0.3388
18.5297,16.2093,15.4815,16.3352,15.0763,0.0001,1.7405,0.4129
22.4436,18.5658,17.7677,16.7458,15.6644,0.1179,2.0372,1.844
20.2575,19.6872,18.5109,16.0471,16.4854,0.334,0.7514,0.888
20.6486,18.5383,18.0443,17.6942,16.8598,0.1201,1.1046,1.2932
19.7205,20.016,19.0184,18.8492,19.5491,1.1504,0.6599,0.157
18.8664,18.7547,19.6578,18.1965,17.9484,2.5873,-0.143,0.4612
18.8248,16.4867,17.344,15.4507,16.0366,0.0002,1.9002,0.322
19.8601,19.6652,18.9104,18.8799,18.5803,3.04,0.1512,0.6998
17.4285,15.945,17.3794,15.097,13.7454,0.0003,2.0498,0.8091
21.5555,19.0145,17.4504,18.8443,17.6213,0.1893,0.9649,1.0927
18.2088,17.4477,15.0493,15.8845,15.1258,0.0021,2.1395,0.7057
18.6328,17.9425,15.9847,15.8137,15.334,0.0001,0.7083,0.5925
18.0696,17.1106,15.1337,15.2286,16.6916,0.0016,1.2751,0.2177
16.8979,16.0446,15.5393,16.1649,15.8976,0.0004,0.7426,1.2987
20.9328,19.7798,16.1651,17.5317,17.9072,0.2013,0.9027,1.6475
19.9505,19.3617,19.612,18.8658,17.7532,1.1061,0.9013,0.7169
18.412,16.534,16.5535,15.1257,15.1064,0.0001,1.7637,0.8604
21.0379,19.795,18.3106,17.7971,18.1575,0.126,2.3387,1.5124
21.4827,18.7723,17.5085,17.7009,16.7645,0.1106,1.0169,1.1507
21.6683,19.2929,18.4915,16.6195,16.5946,0.1567,2.1945,1.5267
17.3532,15.9686,15.0667,15.4978,14.8284,0.0004,1.4894,0.0364
17.6293,16.3476,16.1926,15.3153,14.5537,0.0011,1.3068,0.5368
18.9921,18.1007,17.9028,19.4239,18.7551,2.9248,0.0904,0.157
16.465,16.9981,15.9266,16.2904,15.285,0.0003,2.193,0.3249
21.7891,19.4451,17.5672,18.1106,16.0034,0.1755,1.3853,0.9608
18.8197,19.3038,18.2745,17.6571,17.6009,1.2552,0.0968,0.4482
21.0822,15.9183,15.2632,16.6484,15.1495,0.001,1.875,0.9663
18.5071,16.5332,15.9405,16.0785,15.4695,0.0016,2.6039,0.8726
21.5515,19.4731,18.064,17.2117,16.732,0.0932,0.5316,1.24
21.0254,21.275,18.8251,17.4657,17.1001,0.0547,1.2913,1.3764
18.9143,17.3255,15.5818,15.3078,14.9343,0.0004,1.4327,1.3299
19.2979,17.9793,18.6742,19.4841,18.3709,1.4459,0.4167,0.3378
18.4567,16.6893,15.6879,15.3856,16.0969,0.0011,0.857,0.6038
16.7845,16.7363,16.6523,16.4852,15.6393,0.0005,0.9617,1.0636
20.7559,19.6256,17.638,17.8649,17.9944,0.0486,1.5559,1.4157
17.7666,16.9398,16.4565,15.4605,16.6263,0.0011,1.5075,0.9155
19.3059,15.0733,15.9715,16.3306,16.3019,0.0022,0.5245,0.5393
18.5507,20.2713,19.344,19.2838,18.213,3.1526,0.3404,-0.1433
19.1555,20.2442,18.699,18.4234,18.6692,2.0945,0.1358,0.5174
18.7197,16.3111,15.6997,15.4882,16.5369,0.0003,1.7682,0.4234
18.2857,16.0804,15.1226,15.7553,15.2085,0.0011,2.1462,0.5928
19.1979,18.394,19.1468,18.6158,18.8132,1.9364,-0.2902,0.5892
20.4533,19.1274,19.3546,17.4106,16.1479,0.0461,0.6094,1.4116
20.3953,20.2458,18.5724,17.505,15.1069,0.3241,1.1604,1.5259
18.6613,20.1106,18.4722,19.3276,17.5477,1.3093,0.0236,0.1291
22.0177,19.7025,18.4723,17.6227,16.1149,0.346,1.7759,1.2541
18.4704,18.8089,18.6868,17.5055,15.9368,0.2716,1.8228,1.197
19.6775,19.6553,18.5159,16.5905,16.4843,0.2841,1.3483,1.9438
18.9085,16.4648,15.5362,15.6305,15.6337,0.0001,1.1949,1.2386
21.1973,20.086,19.3129,17.6251,16.1942,0.1056,2.241,1.9393
22.2236,20.2642,18.8135,18.0209,16.2136,0.3398,0.49,0.8881
17.6117,16.5695,15.8494,15.6207,16.2171,0.0007,1.7542,0.5325
18.6139,16.0859,15.0532,15.9478,14.9023,0.001,1.7035,0.8915
20.1047,20.0484,18.6658,17.985,16.5742,0.2066,1.7729,1.3331
17.6635,16.0804,16.4294,16.0548,15.8952,0.0014,1.3665,0.6427
21.5721,19.2951,16.8635,18.1845,16.1767,0.3955,2.1338,1.1949
19.7616,18.9154,18.657,19.6501,18.4276,2.2483,0.4591,0.4772
21.9413,19.5747,18.0957,17.6853,16.8449,0.3057,1.4211,1.0953
21.4149,18.0456,18.3019,17.9103,17.4332,0.1568,2.0147,0.667
18.5182,17.0231,16.3218,15.5172,15.3734,0.0008,1.2166,0.4391
19.6746,20.1179,19.2523,19.047,18.0926,2.9304,0.6646,0.3874
19.0094,18.7891,18.9682,18.5284,17.8092,0.8226,0.3656,0.5902
22.4558,19.716,19.824,17.7371,16.9383,0.2866,1.4827,2.5452
21.6125,19.3347,18.2973,16.5564,16.7288,0.3347,2.0921,1.943
18.6177,19.8783,18.6659,17.5959,17.6911,1.3654,0.0547,0.2276
19.3651,18.6423,19.3767,18.3794,17.9426,2.3955,0.1069,0.1106
20.9935,18.6548,17.4897,17.7187,17.1391,0.3462,1.5643,1.5733
19.948,19.7178,19.16,18.7567,18.4911,2.4583,0.2599,-0.0754
17.7979,17.3408,15.4323,16.1135,14.9517,0.0002,1.6061,0.5112
18.9,19.7573,18.0971,17.5123,16.7391,0.3903,1.7074,1.9816
20.6659,19.8836,17.912,18.4704,17.3366,0.3586,0.8334,1.5609
19.7077,19.1696,18.1306,17.8473,17.6852,0.1977,1.6616,1.2367
19.7435,19.6734,17.1255,18.4635,16.7249,0.191,1.7482,0.8022
16.4099,15.9342,16.5629,15.9562,15.1145,0.0008,1.1777,0.702
18.4176,16.1403,15.4331,16.3859,14.4799,0.0012,1.9504,0.6433
20.0838,19.6471,18.7894,18.3264,16.6327,0.1845,0.8028,1.6694
22.9925,20.7503,17.4274,17.4276,15.7093,0.1473,0.9065,1.1097
20.2904,19.613,18.2087,18.2479,17.2654,0.2928,2.2261,1.8404
19.8517,19.9982,16.8911,16.6798,17.5676,0.0408,1.3637,1.0397
18.327,19.0012,19.3726,19.0535,18.7956,3.3552,-0.0583,0.1925
18.3789,17.0023,14.7784,15.8883,16.1944,0.001,1.4576,0.9678
22.7194,18.7604,18.5655,18.8004,17.1229,0.379,1.4652,1.2434
18.5211,15.8647,15.9179,15.7974,16.599,0.0008,1.124,0.8493
19.9374,20.118,19.592,17.3304,19.206,1.8927,0.0107,0.0349
18.745,15.7982,15.8355,16.1704,14.5742,0.0004,1.2318,0.5151
19.7162,19.1859,19.5978,18.4562,17.2823,3.0692,-0.201,0.5488
22.9542,18.4845,17.7749,18.2013,16.5746,0.266,1.0659,0.9933
20.6706,19.8628,18.3488,16.0871,18.1751,0.0753,1.1958,1.1779
18.9887,19.1124,19.0554,18.6482,17.8834,0.9036,-0.0584,0.1165
21.6979,18.8229,17.7875,17.3948,16.8181,0.1317,2.5775,0.7903
17.2929,15.7739,15.7763,15.5472,14.4917,0.001,1.4894,0.8255
19.4752,19.5567,19.5108,18.4202,17.2467,3.4878,0.6501,0.7746
19.4096,19.1677,19.1247,18.537,18.46,3.3958,0.0726,0.2084
17.6167,16.8635,15.4558,15.8856,15.635,0.0,1.4463,0.3666
21.3497,19.6523,18.0041,17.8478,16.7458,0.2273,1.7887,0.8134
22.685,19.6123,19.1424,17.2713,17.0016,0.0409,1.861,1.3324
20.0736,17.8034,16.7819,18.4319,18.0696,0.2142,1.8277,0.9706
22.0237,18.873,18.1308,17.1862,17.6203,0.2996,1.4751,1.3544
20.783,20.1146,17.032,19.1125,16.5821,0.0551,1.2018,1.9655
21.9758,19.079,18.9052,17.013,17.8747,0.073,1.8959,0.7912
17.4773,16.3579,17.2732,14.636,15.6518,0.0005,1.4963,0.4412
21.4693,19.226,17.6286,17.1795,17.6017,0.0606,1.5406,1.5975
21.6256,19.9414,18.2917,17.4256,17.7378,0.1942,2.1363,1.2912
18.0777,15.8711,15.5834,15.625,15.5331,0.0011,1.7185,0.2206
19.5898,18.8345,18.6144,18.0259,18.5679,2.5572,-0.0995,0.295
17.3143,15.8311,14.9988,15.2904,15.0073,0.0,0.9482,0.4967
18.6985,18.9578,19.1366,18.978,18.1733,2.209,0.7606,0.576
20.3422,19.9452,17.7843,17.4017,16.2862,0.1181,2.2355,1.5924
17.8335,16.5501,16.2923,15.5632,14.9689,0.0019,1.6307,0.1461
17.047,16.1124,15.285,15.8262,14.4127,0.001,1.9224,-0.0813
17.4839,15.9589,16.4549,14.6415,16.0417,0.0005,1.3357,0.8399
21.082,19.0437,17.5124,17.9133,17.4873,0.1389,2.3082,1.2804
18.0549,15.0725,15.213,14.4988,16.0313,0.0008,1.6987,0.9372
16.8172,16.1703,15.6526,16.608,14.9104,0.0006,1.5639,0.633
18.2891,16.5172,16.5477,15.5769,15.9548,0.0008,1.0577,0.9962
18.8232,19.6242,19.0624,18.623,17.6883,2.9802,-0.0672,0.8859
22.4872,18.079,17.0581,16.5393,16.8941,0.3597,1.7767,1.5479
23.4267,19.9066,18.079,18.3815,16.7114,0.1699,1.9045,1.535
20.0027,17.9932,19.4762,18.6159,18.2044,2.9886,0.305,0.3906
19.2399,16.5519,16.0836,16.4444,15.0977,0.0004,0.8988,0.9192
19.1823,15.0133,15.4853,14.9198,15.7249,0.001,1.0063,0.6459
18.3302,16.3453,15.3781,14.8282,15.2049,0.0,1.5358,1.0578
18.7707,16.4214,16.4896,15.2825,16.0179,0.0013,1.7222,0.9041
17.5195,16.9369,15.8334,16.4393,15.8783,0.0005,1.4606,0.9146
22.0214,19.27,18.3603,17.7353,16.804,0.3841,0.9115,1.1206
17.0034,15.8971,15.034,15.5312,15.3819,0.0013,1.7833,0.4575
18.6819,16.0962,15.6716,15.9207,15.7409,0.0017,0.7924,0.5019
19.5897,19.4005,19.0827,18.6345,18.2947,2.3129,-0.0507,0.3037
18.8845,18.2158,18.8864,19.3892,19.8515,2.5293,0.2555,0.2739
17.3734,17.64,15.9536,14.7645,14.932,0.001,1.6015,0.7043
20.1203,18.4023,18.5747,18.3231,18.5102,3.2673,0.1037,0.2524
22.5379,18.8565,18.0018,18.8281,17.2941,0.2148,1.7501,1.2319
18.182,16.7688,14.6955,16.5104,15.3963,0.0,1.6232,0.7318
20.9498,19.4486,18.7048,17.5329,17.0607,0.1118,1.9687,1.8013
19.2634,17.3944,15.3357,14.6841,14.8788,0.0007,1.6069,0.4298
20.1959,18.3208,18.4744,19.2051,17.3479,2.3805,0.3729,0.6598
19.3458,20.3107,19.1052,18.7239,18.9103,2.0551,0.2262,0.4927
19.2517,17.1715,15.5771,15.1084,15.1102,0.0014,1.8119,0.7455
21.5533,19.1231,17.5142,17.5276,16.8341,0.2889,1.025,1.0253
18.5037,16.7641,15.3098,16.3185,15.6555,0.0,1.8272,0.7208
18.6255,16.9688,15.3646,16.0302,14.4091,0.0004,1.3522,0.7313
17.5285,16.8353,16.44,15.1392,14.9615,0.0002,1.7489,0.251
19.7152,16.0437,15.7792,15.3535,15.1997,0.0008,1.9241,0.9671
19.8517,15.3314,15.4896,16.1633,15.623,0.0005,1.524,0.8319
19.414,19.4636,18.6223,16.9232,17.3607,0.1523,1.2168,0.7838
20.3941,18.1369,18.8849,18.5482,17.2112,0.3873,1.8289,1.3523
17.1502,16.3114,16.045,15.7395,15.1719,0.0006,1.3139,0.109
21.7216,20.8633,17.6733,16.6783,17.8343,0.214,1.7065,1.3596
19.9148,20.4744,17.5334,16.2119,18.1303,0.3443,1.7504,0.959
21.0838,18.4053,17.1157,16.6999,15.7037,0.1452,1.3757,1.1305
19.7495,17.9503,19.0065,19.3726,18.5172,1.482,0.2281,0.0182
21.4201,18.7508,17.6072,16.9176,17.6722,0.1053,1.4603,1.5578
18.1371,16.6706,16.8014,16.0235,15.1779,0.0018,0.7473,0.7153
18.7531,18.5818,17.4473,16.7202,17.0199,0.0677,1.8859,0.4656
18.206,16.5842,14.5508,16.1297,15.9515,0.0003,1.0224,0.6061
20.497,19.4748,18.5026,17.858,18.1261,0.1828,2.1475,0.9617
17.3286,16.487,15.8084,15.7056,16.3035,0.0009,2.057,0.5874
18.6197,16.2053,16.1798,15.3051,15.7039,0.0013,1.5774,0.8226
22.7586,20.2884,18.5878,17.0571,16.2652,0.0444,1.7446,1.724
21.0037,20.9544,18.9448,17.8301,16.2331,0.1869,1.2966,1.3312
17.1378,16.5337,15.4863,15.0474,14.6381,0.0008,1.9956,0.5839
18.7632,16.3327,16.6682,16.022,15.5735,0.0022,1.1923,0.769
20.8655,19.6794,18.147,17.6176,17.1551,0.0387,1.759,1.2121
20.9764,18.5374,16.9882,17.2471,17.7253,0.3938,2.0943,1.6026
17.5645,15.7958,16.7559,16.217,15.1888,0.0004,1.5675,0.7067
18.5238,19.1768,18.9854,18.3133,18.3495,3.2749,-0.0285,0.2724
20.1682,21.6544,17.9416,17.0609,17.3456,0.2235,2.0269,0.8798
20.4199,19.4355,17.3338,17.7261,16.0229,0.1476,1.483,0.5355
17.6919,17.5327,16.4759,15.7112,15.8001,0.0002,2.2101,1.1984
19.9803,18.9802,18.1737,15.6778,16.6302,0.2897,1.831,1.1322
18.8529,19.3685,19.3643,18.2388,19.221,1.122,-0.0312,0.2017
20.5147,19.3012,18.9709,17.4398,18.1593,0.2866,2.1405,1.3184
21.6197,20.1219,17.5435,17.8856,16.9782,0.1026,1.7127,0.4118
21.2253,19.1102,18.2289,16.7926,16.3209,0.0567,1.9216,1.5638
16.4383,16.6738,16.908,16.0645,15.8596,0.0015,1.0117,0.4725
17.2736,16.7269,16.0886,15.2321,14.7988,0.001,1.4155,-0.0687
21.3351,19.5472,18.9741,18.0552,17.9178,0.2207,1.7048,1.1659
19.2427,20.8432,19.5593,18.7898,18.4455,2.9047,0.4236,0.235
17.5854,16.132,16.0936,15.4714,15.874,0.0001,1.263,1.1119
17.8515,17.5729,15.4719,16.2975,15.3456,0.0007,1.8243,0.774
20.0746,18.9152,17.5668,17.3746,17.0345,0.1543,1.1932,1.5349
17.6056,16.1656,16.1044,14.6996,16.8349,0.0001,1.6202,0.4211
20.4352,20.8798,17.6868,18.205,17.2997,0.3874,1.3892,1.0995
17.1433,15.3755,16.0281,15.307,16.5944,0.0009,1.2493,1.0582
21.9023,19.3758,18.1041,17.3441,17.2753,0.207,2.0529,1.1239
19.1234,20.4648,18.437,17.7856,16.3956,0.2875,2.048,1.4558
16.7098,16.8994,15.5823,14.8142,14.7965,0.0006,0.9765,1.2023
21.9218,19.4752,18.3986,16.611,16.8161,0.3278,1.9364,0.889
21.6511,20.0349,17.9354,17.3011,15.6772,0.1376,1.579,1.716
19.6735,19.3428,19.3588,17.3469,16.1712,0.3164,1.5499,0.5203
22.1244,19.4506,18.2509,18.3075,17.8273,0.0881,0.9214,1.0044
20.6915,19.6723,18.9411,16.4644,15.3268,0.194,1.3504,1.4221
21.058,19.3476,18.4366,17.4755,17.5258,0.2557,2.3631,1.2676
18.0104,16.9036,15.3637,14.5661,14.8986,0.0012,1.9496,0.9038
18.9784,19.1456,19.488,18.9094,18.4021,1.8753,0.1558,0.2514
19.7623,19.243,17.7138,16.2767,16.8491,0.3844,1.0212,1.3303
17.3435,16.6498,15.7424,14.4562,14.7162,0.0006,1.7581,0.3787
19.4124,16.7598,15.4174,16.4567,16.043,0.0002,1.3688,0.908
21.4573,18.0435,18.9853,17.4005,16.6376,0.0431,0.8036,1.5846
18.9492,19.0917,18.6443,18.5301,17.6264,2.4381,0.0911,0.9876
15.9042,18.0072,14.9555,15.2323,16.0279,0.0005,2.0241,0.4495
21.5581,19.8357,19.312,17.3315,17.2182,0.2794,1.0126,1.1255
20.1746,19.0894,17.7261,17.4774,16.7746,0.2094,1.0608,1.4901
17.871,16.185,14.866,15.9189,15.6219,0.0005,1.4571,0.4131
17.8461,16.7326,15.7774,16.5416,15.3062,0.0002,0.7796,0.559
20.2783,20.9044,17.7052,17.1656,16.028,0.3479,1.5512,0.8619
17.4384,15.5758,15.1514,15.3517,15.2964,0.0004,1.3254,1.3073
21.5473,19.8871,17.3754,16.9703,17.153,0.3963,1.8831,1.5544
18.4106,16.0962,16.0666,15.5161,14.0083,0.0001,1.4942,0.8766
20.557,19.9348,17.4355,18.3342,18.119,0.1896,1.3424,1.7194
19.3948,19.3371,19.3188,18.7037,18.6095,1.4064,-0.1835,-0.1278
19.5081,18.6246,18.6692,18.723,18.6343,0.9653,0.1001,0.5908
19.0374,19.1892,17.4832,17.9079,17.0792,0.1312,1.789,1.1915
21.2113,17.1071,17.5381,17.6489,16.7758,0.1107,2.1308,0.7505
21.8484,19.7592,17.3551,16.9323,15.5544,0.227,1.0563,0.8966
17.6274,17.2691,15.7666,15.6315,14.8843,0.0002,1.5587,0.6512
20.0813,19.8661,19.538,16.644,17.5326,0.3874,2.3595,1.8301
17.7591,16.1451,14.8981,15.4405,14.6911,0.0005,1.5371,0.7732
17.9075,16.6715,15.6442,15.8901,14.951,0.0017,1.2805,0.752
19.5174,17.0303,16.8625,16.1965,14.74,0.0005,1.4395,0.7959
19.2322,19.147,19.2253,19.1324,18.1578,3.0488,0.0751,0.2552
19.6007,19.0765,17.6176,18.0763,15.9287,0.2956,1.7479,1.0177
21.5489,18.6182,19.3671,15.9671,17.7066,0.2523,0.9799,0.9712
17.7883,18.6552,15.7553,16.4005,14.9366,0.001,1.1908,0.8999
21.2966,19.7112,18.8396,16.7163,17.6036,0.2833,1.623,1.0063
21.3979,21.4293,19.4575,17.3938,16.5178,0.1244,2.3327,2.1169
19.1628,16.7179,15.6515,15.2431,15.9239,0.0015,1.879,0.3554
19.2555,18.7491,18.7295,18.8913,17.7672,1.7944,-0.2757,0.0246
20.0832,18.4534,18.8174,19.5555,18.8605,2.1508,0.3603,-0.001
17.4339,16.1972,16.0828,16.8515,15.5287,0.001,1.8498,0.743
19.8927,19.3896,18.9012,18.1764,17.438,2.7457,-0.0582,-0.1036
20.3479,19.3302,19.061,18.2402,17.2098,0.3578,0.6843,1.006
17.5502,16.5147,15.8775,15.6674,16.0486,0.0001,1.1435,0.546
19.2184,16.9273,16.6134,16.2671,15.626,0.0,0.8945,1.0376
20.6305,19.2185,18.5101,17.1393,16.7217,0.2938,2.0814,0.9784
19.0135,16.1587,15.3006,15.0871,15.752,0.0001,1.3095,0.5892
21.6791,17.5093,19.7155,18.1006,17.4436,0.0821,1.9776,1.2446
21.433,22.641,18.7403,18.3025,17.6394,0.3495,1.2078,1.8657
20.5632,19.1351,18.5314,16.8528,16.3224,0.035,1.925,1.8282
21.2806,20.7625,18.2557,16.42,17.3977,0.2772,1.3274,1.2217
18.7807,18.7907,17.8329,18.252,17.3838,0.1518,1.7922,1.2961
22.5542,17.9391,17.2982,17.6267,17.6239,0.0451,0.9085,1.9693
19.8336,18.2789,18.8106,17.2835,18.6487,0.8609,0.2224,0.1802
19.4689,19.1071,18.1024,16.9981,16.5309,0.3772,2.0748,0.7418
21.0034,18.5959,17.7014,18.2574,16.8323,0.1239,2.0966,1.5174
18.434,16.3585,16.6976,16.798,16.3497,0.0015,1.858,0.881
18.324,16.0772,15.4814,14.9918,15.3128,0.001,1.5621,0.5824
18.054,15.9272,16.9292,15.5798,15.6803,0.0002,1.4101,0.6942
16.5062,16.8804,16.6456,16.2122,15.9435,0.0003,1.611,0.9337
19.5944,18.5066,19.3134,17.7328,18.9703,0.0394,1.0187,0.8062
19.0403,19.1838,18.8367,18.8952,18.6025,2.418,0.3507,-0.2188
19.6635,18.8415,18.6877,19.1284,18.3326,0.8035,0.5515,0.5731
22.0115,20.1201,18.3768,16.2182,16.3835,0.0352,1.2326,1.4601
22.7496,19.976,18.7927,17.2711,16.57,0.3143,1.5537,1.551
19.6953,19.4673,18.2965,18.9295,18.0118,1.7022,0.5283,-0.1598
18.843,16.8941,15.5226,15.4162,15.7314,0.0011,1.3768,0.7751
18.1492,16.2308,15.201,14.7634,16.2644,0.0011,1.2964,0.7149
17.7379,17.782,16.1696,15.0908,15.8031,0.0009,1.4562,0.291
21.4632,20.5179,17.118,17.2245,16.0086,0.3952,1.0989,1.2434
21.4822,20.8911,17.8786,18.6984,16.9951,0.1259,1.6977,0.9774
19.9104,18.7385,17.5247,18.1105,17.6527,0.2363,1.7401,1.2256
19.7064,16.6273,16.2091,14.9062,15.4348,0.0001,1.2798,0.7098
17.8212,15.9706,16.1359,15.7292,15.7453,0.0012,1.8813,0.5607
20.7955,19.9639,17.9105,16.7889,17.1705,0.2691,2.1012,1.2943
20.721,19.0289,18.6989,17.9809,17.9754,0.2986,2.0901,1.0568
18.1858,16.8528,16.4322,15.6564,15.7555,0.0004,1.2385,0.6964
18.6575,15.9629,15.3333,14.3663,15.385,0.0,2.0583,1.3269
21.3896,19.7636,18.9407,17.5005,17.3994,0.1885,1.0077,0.4235
18.9029,19.4262,18.7499,18.9383,18.082,2.3376,-0.3085,0.6501
17.5198,17.0396,15.9343,15.441,15.5517,0.0,1.9816,0.3022
18.2893,16.5684,14.2094,15.4759,14.8587,0.0016,1.0636,0.6298
21.5988,20.4785,17.947,18.3349,16.9447,0.341,1.3872,1.2541
17.3226,17.681,15.7579,15.3446,15.3192,0.0003,1.2434,0.5207
16.8513,17.6735,15.321,15.6687,14.9341,0.0017,1.9945,0.5355
16.3799,15.8977,16.7303,16.2137,15.1508,0.0011,1.657,0.8502
17.5762,17.1653,16.2266,15.3674,14.638,0.0008,1.3105,0.5712
19.4388,18.8804,19.8446,18.7342,18.6792,2.7859,-0.0686,0.1841
17.0651,16.581,15.8902,15.2097,15.1169,0.0008,1.2517,0.6802
19.7524,17.458,15.6896,15.7618,14.1147,0.0011,1.1322,1.0964
19.0846,18.9369,19.1709,19.2931,18.1859,1.4081,-0.0826,0.0681
17.5018,15.9007,16.4652,14.919,16.0576,0.0013,2.081,1.0106
17.4706,17.2044,16.3906,15.8584,15.5946,0.001,1.4898,0.7021
18.3974,15.9197,16.2542,15.7212,15.3751,0.0008,2.2605,0.8129
19.9345,18.5925,18.5009,17.7475,18.3067,1.0003,0.2104,0.6057
23.0123,19.2692,18.3368,18.377,17.9458,0.0628,0.9055,0.9026
18.7802,19.8556,18.828,18.3165,18.6802,2.7573,0.527,-0.0121
20.5919,20.9789,19.5589,18.0142,17.2542,0.1419,0.4142,1.0087
18.0558,15.465,15.7901,14.9068,14.7675,0.0004,1.4442,0.576
22.9626,18.9136,16.9568,16.2603,17.2154,0.3665,1.382,1.3993
17.9722,17.5858,15.8685,15.1091,14.6609,0.0003,1.1849,0.569
17.4278,16.6818,15.5479,15.4615,15.1672,0.0004,1.5839,0.9087
19.6847,19.8054,18.9198,18.4179,18.5922,2.5026,0.2699,-0.2083
21.1752,18.9902,17.4649,17.2918,18.2989,0.204,1.7053,1.5684
20.5826,17.302,17.3037,17.5499,17.0421,0.2371,1.0518,1.6308
17.2148,17.0806,15.7801,15.0476,14.8291,0.0007,1.2529,1.0352
21.3907,19.0869,18.9341,17.1818,16.7216,0.1332,1.0609,1.4945
22.5193,18.8117,17.9614,18.5168,17.1269,0.0891,1.6257,1.3058
18.2079,15.5869,16.1106,15.3964,15.8697,0.0011,1.7486,1.1852
21.3863,19.3964,17.9286,16.8046,16.6397,0.0676,1.4879,1.1905
19.7396,18.7435,19.1294,17.9607,18.0791,2.1505,-0.0686,0.4182
20.929,18.9762,18.7582,18.2621,19.0886,1.7581,0.4602,0.2203
21.3162,19.8575,17.8052,17.4146,16.843,0.1976,1.6785,0.7636
20.7907,17.9579,17.9088,15.9482,17.6973,0.3995,2.0384,1.0882
17.648,15.1904,16.1951,15.8569,14.5825,0.0001,2.0691,0.365
19.7675,17.2343,18.3244,19.1155,17.2081,0.2394,1.4009,1.7284
21.8297,18.8934,18.6007,17.2366,15.622,0.3341,1.8479,1.1778
21.8188,20.0036,17.3868,18.687,16.3043,0.3893,1.3297,0.4639
19.1201,19.1606,18.4087,16.9966,16.416,0.3603,1.9158,1.2427
17.6315,15.4863,14.1819,14.5847,15.3205,0.001,2.0063,0.2197
20.3095,19.7409,17.5724,17.2503,15.9968,0.3595,1.8783,1.6192
23.3639,20.1761,18.6258,15.7547,17.1104,0.2398,0.9029,1.4917
22.4105,21.0898,18.3806,18.0741,17.5485,0.2835,1.8133,1.1186
17.9524,17.9528,14.8906,16.8746,14.5654,0.0007,1.4451,0.2942
18.3083,16.8772,16.4319,15.4516,15.4108,0.0019,1.9281,0.8568
18.7423,19.2879,19.0967,18.5847,18.6904,0.8318,0.1862,0.74
20.8655,19.1748,18.7791,18.6059,18.4774,3.0083,0.3437,0.7738
18.1397,16.4003,16.8529,15.8811,15.2945,0.0016,1.0493,0.8067
18.7804,15.9209,15.7134,15.7686,15.2665,0.0003,1.6041,0.8673
22.3289,20.4578,17.9169,16.4681,17.0506,0.2519,1.2558,1.7149
21.0549,19.8064,18.8565,17.2226,16.4592,0.2416,0.8854,1.1497
16.8677,15.3839,15.4864,16.3396,14.8991,0.0002,1.7788,1.2413
21.9969,19.6718,18.294,18.0348,18.0131,0.0537,1.3732,0.7443
20.1177,19.1351,18.9357,18.3962,20.0491,1.5702,0.2148,0.5952
21.7319,18.7142,18.9189,17.6015,15.6619,0.3533,1.7963,1.7188
19.8026,18.4015,18.2405,17.9819,18.8421,2.6935,0.601,0.1105
20.1761,17.2837,16.1724,16.0101,16.3956,0.0004,1.6628,0.8388
22.6735,19.4408,17.6893,15.4494,16.375,0.1785,1.6133,0.6237
19.8691,19.3501,18.1727,16.7536,17.1206,0.0235,1.6801,0.8386
18.7944,19.3108,18.4532,16.0395,16.5591,0.1118,0.0429,1.9543
19.9916,18.1643,18.754,18.6475,18.0393,3.0157,0.3442,0.2526
18.2376,15.7586,14.956,16.3281,15.1651,0.0026,1.4794,0.9765
18.4695,16.9518,15.9025,16.5365,15.3387,0.0019,2.3296,0.5052
22.9871,19.3513,19.7907,17.8251,16.9224,0.3729,1.836,1.284
20.5809,19.2945,19.8184,18.6512,17.8486,1.0115,0.4452,0.6836
18.5712,15.5044,16.4485,15.758,15.4796,0.0012,1.7052,0.8386
20.782,19.9817,18.0301,18.0876,17.5361,0.1468,1.5178,1.4593
18.2593,16.7176,16.9094,15.3553,15.4985,0.0001,1.2415,0.6472
20.797,19.3164,18.0518,17.759,16.6163,0.1027,1.3452,1.2057
19.1713,18.1144,19.3458,18.5691,18.1511,2.7728,0.0358,0.3558
20.3743,20.6781,19.2524,17.6868,15.5425,0.3406,1.2438,1.4236
22.1696,18.9027,17.7715,17.4434,17.1885,0.1064,2.2484,1.5957
20.2842,18.6968,17.9376,17.5358,16.225,0.1679,1.6429,0.8255
19.1958,19.1178,19.3133,19.0583,18.5881,1.7476,0.2961,0.1909
16.714,15.0528,15.4251,16.1472,15.5622,0.0001,1.6077,1.2929
22.073,19.2769,17.538,17.8519,16.0268,0.0409,0.4152,1.0753
19.0457,16.4771,15.0323,15.2247,15.3018,0.0014,1.3433,0.8753
21.3401,19.0687,18.5061,17.4749,17.2657,0.2245,1.8819,1.4729
17.1805,16.2718,16.8775,14.5128,14.7897,0.0016,1.4587,1.0338
22.0473,19.3353,17.8615,17.436,16.7201,0.1992,1.7404,0.4799
16.8702,16.4089,15.9343,15.6165,16.5871,0.0019,1.1051,0.6427
17.9383,15.4394,16.1794,15.5461,14.4769,0.0004,1.7624,0.4973
20.0063,19.6954,18.6914,19.2115,18.5215,1.9803,0.2514,0.234
19.8775,20.2163,17.9894,17.6097,16.4005,0.1305,0.8215,1.1938
20.9862,19.7365,17.9132,17.7316,17.485,0.3851,1.6742,1.3588
18.9427,19.2593,18.6927,20.1122,19.0985,3.4709,-0.2643,0.3158
18.1936,17.0778,15.968,15.6496,14.869,0.0007,2.1449,0.7123
22.2447,19.3156,18.7811,17.5862,16.0152,0.1064,1.1812,1.1103
19.6489,20.4438,18.8303,17.4208,17.4101,0.2266,1.6083,0.9913
22.3405,19.1387,18.453,18.9371,17.3595,0.3535,1.2192,0.9086
21.6821,19.4236,17.473,17.1488,16.7441,0.3572,1.0774,1.5351
18.0887,15.6501,15.4933,14.5861,15.2221,0.0011,1.6768,0.8641
19.6878,19.231,19.2424,17.6249,16.5871,0.1663,-0.0852,1.3403
17.397,16.0969,16.8875,15.7079,14.7691,0.0005,1.9535,0.6755
16.9375,16.7891,15.026,15.6463,15.6414,0.0012,1.4867,0.3283
18.6617,16.3257,14.8579,15.2037,15.1744,0.0003,1.3446,0.3743
17.7324,15.9422,16.0955,15.5093,14.9092,0.0002,1.9484,1.0291
18.6503,16.189,16.5239,15.6343,15.9144,0.0011,0.8785,0.7622
19.4254,19.3477,18.3251,18.9047,18.3081,3.0589,0.1824,0.343
21.0859,18.8291,17.0404,17.6604,16.9388,0.1661,1.6851,0.8743
21.0156,19.7673,18.6753,18.1532,16.927,0.1085,1.8464,0.8872
18.9305,16.7288,14.9724,15.5625,15.2196,0.0006,1.5355,0.748
22.5324,19.2337,17.9178,17.4922,16.4558,0.0294,1.8507,1.0146
18.2345,16.1288,15.2304,15.1698,14.9541,0.0003,1.2617,0.3243
17.2076,15.8246,15.8111,15.5228,14.7364,0.0004,0.4879,1.1259
23.0884,19.7299,16.8995,17.3408,16.1047,0.1141,2.4103,1.3954
21.582,19.1295,17.3633,18.6922,16.5067,0.0331,1.2654,1.2253
22.3815,19.0541,16.7109,17.3506,16.5031,0.0711,1.6937,1.1882
21.4736,17.7094,17.9075,18.9873,17.4701,0.2664,1.2312,1.4071
18.4707,15.9051,15.5844,15.3652,14.2435,0.0008,1.4409,0.4227
19.9706,17.3944,16.0395,15.0865,15.6347,0.0001,1.7003,0.5644
20.5081,18.1956,18.9961,17.1982,17.2525,0.1762,1.1335,1.3463
18.2729,17.4568,16.3835,14.7302,14.3319,0.0009,1.5779,0.7102
21.472,19.0604,18.4192,17.1265,16.8632,0.3856,1.211,0.9965
20.9469,18.7886,16.6933,17.3348,19.2064,0.1002,1.5339,1.1725
17.7526,16.2979,15.7855,15.7741,15.5514,0.0008,1.4,0.6047
21.5108,19.1691,18.4998,16.8586,17.3222,0.2116,1.3843,0.8055
18.549,16.0362,17.1793,15.8832,15.081,0.0007,2.0443,0.8373
18.0908,16.7369,17.3162,15.6079,15.7334,0.0014,1.5002,0.4109
18.2514,16.2828,16.2355,15.612,15.4674,0.0006,1.2123,0.4017
17.547,16.9802,16.0085,15.572,15.2135,0.0013,1.3856,0.5199
20.7706,19.3586,18.5438,17.5366,16.9686,0.0832,1.2525,1.5028
17.6126,16.2117,15.4576,16.1059,14.2435,0.0014,1.1723,0.7784
19.9675,18.5958,18.5519,18.3928,16.9844,0.2359,1.1792,0.4581
21.0382,18.9249,18.049,16.539,16.722,0.189,1.7109,1.1457
21.6221,19.8404,19.79,18.5002,16.9075,0.3783,1.6053,1.3165
21.8585,19.5785,18.362,18.3363,18.4107,0.3905,1.3612,1.0041
19.1401,19.4438,20.0179,18.5001,19.9636,3.2837,0.5123,0.7249
17.6428,16.4944,16.0578,15.457,15.576,0.0006,1.8202,1.2217
18.2412,15.9761,16.462,15.6187,14.5129,0.0032,1.2829,0.7798
20.2658,19.782,18.1623,18.012,16.6634,0.2811,1.8187,1.0371
19.6283,18.8191,19.2142,18.196,19.4711,1.6827,0.506,-0.0291
22.0715,18.732,17.2605,16.9046,17.6697,0.3677,1.2643,1.2049
17.6863,17.3256,16.1559,14.899,15.3491,0.0024,1.4647,0.7569
18.5005,16.4105,15.9066,15.2908,15.7068,0.0004,1.1113,0.1823
21.1768,20.7584,18.7989,16.6214,15.8798,0.2026,1.2586,0.0293
21.6255,20.9039,18.7885,16.8172,16.8301,0.3907,2.3022,1.254
20.698,18.9734,19.0334,16.9203,16.5113,0.0596,1.4806,1.1304
19.9833,19.9882,17.0961,16.9997,16.231,0.2579,1.8614,1.2918
19.5374,19.1351,18.9291,18.3642,18.3847,1.5005,0.3358,0.864
21.1718,20.3662,18.5207,17.7968,17.6734,0.3497,1.1019,2.174
19.2786,18.9925,19.0671,19.7424,18.4465,1.9205,0.6132,0.1343
20.1524,19.5576,17.4815,18.3527,15.8689,0.2401,1.8262,1.2768
17.8127,16.5821,16.9261,15.5279,15.3244,0.0005,0.8663,1.1928
19.7505,19.8257,19.3735,18.899,17.603,1.1244,0.6494,0.2449
17.4241,16.6624,15.6364,14.8579,14.5656,0.0005,1.0889,1.147
19.9625,19.9974,18.309,19.2641,19.4094,2.7673,0.5292,-0.059
18.3791,15.7753,15.9109,16.2036,15.5351,0.0013,2.7551,0.5738
22.0451,18.8146,16.4274,16.1218,17.1702,0.2629,1.7367,0.8723
17.3474,14.8887,15.4625,15.7862,16.327,0.0004,0.3238,0.5538
17.1897,16.9774,15.8656,15.8647,14.8959,0.0015,0.6393,0.6314
19.8623,19.0131,18.5146,16.9903,16.0161,0.2123,0.0838,2.2568
18.2749,15.9971,15.6614,15.4726,15.4403,0.0008,1.8878,0.669
19.2199,19.6206,18.9137,18.7292,18.8062,1.1999,0.4467,0.322
20.7409,19.3139,20.2505,17.953,18.29,2.0139,-0.0154,0.602
21.3721,20.1953,17.5968,17.9175,17.9538,0.2465,1.8432,1.2794
17.0097,18.0895,16.4265,14.5577,15.0602,0.0008,0.5815,0.6854
21.1906,19.4018,17.2439,19.2396,17.3619,0.0794,1.8592,1.3306
18.8712,15.2366,16.672,14.8122,14.1202,0.0011,1.5735,0.9006
17.0792,17.3107,15.2062,15.1646,15.3263,0.0019,1.0638,0.3458
22.2309,20.4604,18.5266,17.3948,16.8299,0.1946,1.1673,0.8705
21.9185,20.6107,17.3216,16.8573,16.0671,0.2363,1.2147,1.3846
21.8692,20.966,17.3919,17.8043,16.7397,0.0743,1.2053,1.5742
18.5437,15.867,15.6309,15.6973,15.1339,0.0018,1.3033,0.9547
16.4323,16.275,15.844,15.925,14.9678,0.0005,1.5434,1.1647
19.0568,19.9902,19.5244,18.8494,18.241,2.7288,0.2443,0.5225
21.3038,19.4581,17.4984,17.0928,16.4824,0.187,0.7082,1.5124
20.7654,20.5367,18.6525,18.1263,17.9035,0.1762,2.1456,0.7662
19.7543,19.4869,19.664,19.0064,18.2173,0.9018,-0.0619,0.3925
19.6638,19.1366,18.9817,19.0298,18.5147,1.726,0.1047,0.4012
19.2512,19.9505,18.8133,18.23,18.8488,1.7095,0.4588,0.425
18.1385,17.5662,15.1514,15.9396,15.0808,0.0001,1.6406,0.4509
19.4448,18.8169,19.5451,19.2193,18.0093,1.9866,0.5215,0.2529
18.7358,18.581,19.1909,17.8103,18.4179,1.8727,0.2208,0.0754
19.8103,20.7168,17.482,16.922,17.3308,0.1685,1.2303,1.6548
19.1769,19.0616,19.2033,18.5914,18.2649,2.2642,-0.1093,0.3419
19.3732,19.7553,19.8841,18.5617,18.6011,2.5571,0.334,0.5615
18.9205,18.5873,18.5136,18.6873,18.6216,1.7914,0.1379,0.1199
18.9269,16.0102,17.3361,16.1893,15.3717,0.0021,1.7084,1.0707
20.0748,18.9657,18.945,18.4507,19.1811,2.7006,-0.0614,0.5787
17.456,15.81,15.2145,15.7964,15.6249,0.0002,1.1377,0.2646
21.8902,18.2622,16.7099,18.4465,17.314,0.3725,1.8327,2.2577
21.2604,19.1709,19.2156,16.3534,15.9237,0.2628,1.0036,1.5916
19.1825,19.6321,18.4459,19.1852,17.822,2.1844,0.2583,0.2538
17.9788,15.7128,15.742,15.6186,15.7907,0.0016,2.3925,0.8814
18.0514,15.3607,16.7477,15.6816,16.5337,0.0005,2.2202,0.3725
20.2745,19.3203,18.9986,18.4831,18.1822,1.3184,-0.0407,0.1217
17.3582,16.5329,14.9549,15.1118,14.8466,0.0008,1.6479,0.312
23.9853,19.8667,18.7302,18.4184,17.157,0.3217,1.3845,1.5415
20.1486,20.4832,18.705,18.1328,16.9584,0.3171,1.4713,0.852
18.6015,16.5473,15.7658,15.7545,15.1878,0.0011,1.3112,0.6259
18.4893,16.388,15.1361,16.3663,15.5244,0.0008,1.8677,0.7692
18.2772,17.1686,14.989,15.7375,14.2188,0.0003,2.0048,1.1533
20.3878,19.6764,19.0952,19.2581,16.3402,0.3914,1.9726,1.8496
19.8037,18.9281,18.6254,18.5291,18.4402,1.9041,0.4215,0.4493
18.411,15.8952,15.5128,14.868,16.2008,0.0019,1.1732,0.645
19.4935,19.9493,19.6997,18.8103,17.9789,2.1424,0.4892,0.4315
20.4076,19.6802,17.2952,17.9653,16.6816,0.3323,1.5693,1.6557
17.6244,16.883,14.7328,15.8873,14.4584,0.0001,0.8675,0.6014
19.5587,19.3474,18.113,18.7078,18.4737,1.1139,0.3556,0.505
18.1671,15.9222,16.2939,14.8873,16.3066,0.0005,1.0425,0.7306
22.871,19.0441,18.6471,18.9349,18.5289,0.3873,1.6047,1.7386
18.826,16.6781,16.5134,14.7061,16.861,0.0018,1.3785,0.2902
20.7283,19.3793,18.9494,17.1076,17.1116,0.2289,0.3848,1.4166
21.1449,19.0556,18.6774,17.5724,16.794,0.1496,1.6455,1.6825
20.7366,19.5276,17.6902,15.8787,16.7861,0.3221,1.2579,1.3078
19.4644,19.6364,18.2547,17.3884,17.0559,0.2668,1.4811,1.218
15.407,17.1098,16.7285,14.6663,15.1746,0.0001,1.6562,0.2433
18.2458,15.8149,15.888,15.8315,16.025,0.0008,1.0713,0.3988
20.8745,19.8269,18.7149,18.1709,15.9507,0.3134,0.5895,1.0722
18.2004,16.4561,15.2461,15.1247,14.5979,0.0006,0.7908,0.6617
20.6649,19.4547,18.6016,17.7215,16.9609,0.1384,1.0028,1.2463
19.1188,18.6677,18.7945,19.0932,17.6872,3.0597,0.3024,-0.0486
20.0922,17.9738,17.8364,18.2456,16.4834,0.1379,1.9307,1.8152
20.2,18.1884,17.7606,17.4134,18.3464,0.0708,2.073,0.9242
16.9436,15.8421,15.3468,14.5542,15.8606,0.001,1.4883,0.3009
17.0104,16.7566,15.9121,15.8914,13.7676,0.0002,1.6508,0.4304
21.7568,18.7298,18.8031,17.2406,17.7977,0.3498,2.6942,1.3126
20.5709,18.5547,18.627,19.9487,18.5169,1.3181,0.1715,0.2335
22.091,18.9324,18.5988,17.7304,16.4548,0.2899,1.5097,1.8912
20.2162,19.2123,18.1225,17.3718,16.895,0.3095,1.2694,1.3338
21.2554,20.1063,19.0209,17.7771,17.5382,0.1399,1.5981,1.2177
21.5143,19.2721,18.7178,16.6008,17.8202,0.1504,1.6483,1.0168
18.3786,16.0474,16.3004,16.1182,16.081,0.0005,1.79,0.935
16.8785,17.1801,16.246,16.7854,15.5919,0.0007,1.5957,0.6456
18.2552,20.0402,19.3298,19.5833,18.7583,1.1733,0.235,0.221
18.1477,16.4376,15.8157,15.4769,16.0144,0.0005,1.3627,0.2307
18.9945,19.397,19.835,17.8268,17.9017,2.5922,0.5189,-0.3616
18.123,16.3668,16.2089,14.3011,14.717,0.0007,1.1473,1.1205
17.6917,17.3006,16.513,14.8378,15.0375,0.0007,1.3199,0.7781
18.6797,16.7336,16.5016,15.6919,15.4107,0.0007,1.0445,0.505
21.5706,19.0614,18.3296,17.128,16.6107,0.2227,1.4734,1.0274
19.1222,16.3257,14.9911,15.4854,15.2577,0.0009,1.0709,0.9233
18.386,16.6424,16.1664,16.746,14.9366,0.0003,1.845,0.4057
18.8664,15.521,15.8577,16.753,16.0114,0.0006,1.183,0.5848
19.7543,19.192,18.3293,18.3677,16.7554,0.3498,1.9262,1.7251
17.62,16.904,15.9735,14.8422,14.9828,0.001,1.5001,0.5563
21.3279,19.2538,19.4473,17.5362,16.9357,0.0848,1.2012,1.2504
20.5387,19.7625,18.8078,18.8158,18.5473,3.3122,0.4563,0.8602
17.5972,15.2689,15.333,14.8863,15.66,0.0009,2.2833,1.0023
20.6687,18.6161,18.3556,17.7427,18.1683,0.0843,1.584,1.6975
21.5629,17.9263,18.5656,16.7702,17.7493,0.1822,0.865,1.1077
22.4817,20.8055,18.4927,16.9682,17.1453,0.3933,1.3719,1.5007
19.9963,19.8369,19.4209,18.2971,18.5684,2.4542,0.0508,0.711
18.0655,17.026,16.4393,16.1304,15.6047,0.0004,1.0043,0.37
19.1964,18.757,17.7341,18.6778,18.3195,2.2786,-0.2526,0.2903
22.5634,19.1835,19.6328,17.4844,17.1623,0.1261,1.517,1.502
19.5643,19.2722,19.0678,18.6726,19.0516,1.0286,0.7122,0.4562
21.8852,19.5147,18.3455,18.4125,15.677,0.0448,1.3575,1.1616
20.6129,21.0233,17.3622,17.9753,15.4627,0.3281,1.411,1.2697
18.6102,19.3547,19.3193,18.3981,18.0107,2.815,-0.0511,0.5906
22.2749,18.615,18.1998,19.0488,17.4433,0.1404,0.8898,1.3277
16.8559,15.7943,16.0007,15.8383,15.5368,0.0002,1.4463,0.1878
20.7136,19.9711,19.3876,19.6494,18.1843,2.7048,0.2631,-0.0246
19.7415,17.7955,20.2079,17.9229,17.8612,0.1614,1.5071,1.8171
20.3933,19.5682,19.3735,17.6811,15.5455,0.1301,1.6781,0.7112
18.0482,15.4261,15.473,16.7452,16.1341,0.0009,1.7552,0.9647
18.0365,16.4537,15.1975,16.4682,15.8163,0.0,1.6905,0.2446
18.719,18.9893,18.9083,18.8639,18.726,0.996,0.4862,0.6249
21.0239,19.6635,18.2883,18.9295,17.9496,0.3991,1.9789,2.2299
19.619,18.3758,18.7432,18.6404,15.9662,0.0787,0.8237,2.3196
17.4787,15.6523,15.3393,15.7721,14.9502,0.0003,1.7022,0.5929
20.1202,18.6063,18.1315,16.6794,17.8903,0.1982,1.8344,2.3158
21.3406,19.8638,17.6709,17.5923,16.9134,0.069,1.1193,0.7944
21.4819,19.075,19.0284,17.663,16.0093,0.2158,1.3906,1.391
19.2428,20.3049,18.3622,17.8285,18.4469,3.0156,0.3794,0.1021
21.4997,20.2323,19.13,17.8502,16.4932,0.3722,1.7103,1.1126
18.3551,16.7761,15.4687,16.0891,16.0739,0.0016,1.605,0.1671
22.3415,19.9424,19.1692,16.6401,18.2591,0.1577,1.6475,1.3807
19.2688,16.9429,15.5063,16.051,16.3362,0.0015,0.9225,0.8031
20.7691,20.4975,17.1733,17.3614,17.665,0.1183,1.393,1.7726
20.4504,19.3053,17.6539,18.9671,16.9551,0.3656,1.2054,1.0252
17.6225,15.9657,15.5327,16.4801,14.6731,0.0009,0.2922,0.6983
20.2215,18.3925,18.8232,18.4512,19.2222,2.1713,0.2692,0.1927
19.5301,19.5495,18.6935,18.338,18.3594,3.497,-0.1511,0.3773
20.7003,19.3442,18.817,16.1152,17.2433,0.3937,1.392,1.3961
20.7656,18.0713,17.7015,17.4663,16.6759,0.024,1.757,1.3965
20.8155,20.8979,18.943,17.7549,17.4148,0.3828,1.9189,1.2411
21.854,19.6149,18.4049,18.4123,17.003,0.3896,1.3736,1.0642
20.1553,19.0705,19.5439,18.9252,18.1714,1.9271,0.2906,0.334
19.1917,19.0067,18.3802,17.8349,17.8751,1.8926,0.5664,0.2448
19.3015,19.6683,19.3516,18.6119,18.6476,1.7973,0.254,0.0319
21.1235,20.0542,17.8275,17.113,16.2721,0.2656,0.9569,0.8513
19.5096,19.4131,18.626,18.7466,17.7976,2.1401,-0.252,-0.063
20.7034,20.5236,17.4013,17.2721,15.1585,0.2918,1.5097,1.2721
19.5824,19.2226,18.6857,18.0645,18.7852,2.602,0.2748,0.0348
19.9081,19.8888,18.255,17.1328,18.0235,0.0706,0.9815,1.5863
19.4352,19.8594,17.5248,18.2488,15.5948,0.0707,1.4357,0.8514
17.5986,16.6053,16.2278,14.805,14.5013,0.0007,1.6121,1.16
18.404,16.8709,15.1264,15.41,15.4086,0.0001,1.2904,0.8476
18.5252,15.6615,16.2202,15.2776,15.41,0.0011,1.5893,0.7597
21.4098,20.2291,18.9727,17.4547,16.5249,0.3112,1.5228,0.5817
17.0233,16.3971,14.8071,15.1988,16.2835,0.0016,1.6446,0.5279
22.8093,20.7131,18.6943,17.8734,17.1433,0.2003,1.0719,1.3621
17.2884,16.3075,16.2247,15.4718,15.1962,0.0002,1.7374,0.8043
19.7356,19.9161,19.0535,19.5218,19.0114,1.5233,0.5458,0.3191
20.0842,19.1438,18.9894,17.4232,18.3406,2.6324,0.0239,0.563
21.2509,18.789,18.8612,18.5107,18.3343,0.8345,0.3198,0.3397
20.5846,18.9482,19.646,18.2244,18.3818,3.3533,0.2216,0.1185
16.8292,16.1716,15.6143,15.3313,15.2407,0.001,1.352,0.5014
20.0517,18.3823,17.2512,16.0072,17.223,0.3118,1.6215,0.6231
17.366,17.085,15.7703,15.3215,15.6977,0.0001,1.2221,0.9096
19.9914,18.0042,17.0221,17.0646,16.6878,0.1853,1.8331,1.4367
19.9861,19.0717,18.0333,17.5238,16.4879,0.0387,1.2702,1.6931
22.0306,21.0102,18.254,16.9142,17.1364,0.1427,1.2118,1.8017
19.3796,19.4537,19.0414,18.7757,18.7287,1.1377,0.2006,-0.1292
18.412,16.0853,15.9333,15.8677,14.4469,0.0007,1.5005,0.882
20.5069,20.6815,19.7972,18.1156,16.44,0.0254,1.2561,2.5307
20.7202,18.8302,16.8818,18.5266,17.4974,0.3983,2.0721,0.8942
19.3895,18.8446,18.4818,19.1493,18.2407,3.1532,0.9477,0.1856
17.8105,15.8157,16.3338,15.4654,15.4612,0.0002,0.6985,0.5148
17.8127,16.4854,16.0481,15.6147,15.3293,0.0002,0.7787,0.3432
21.0435,19.4244,18.2987,17.68,17.2669,0.155,1.5076,0.7478
18.3921,19.1023,19.2154,19.0803,18.3576,2.4456,0.9926,0.281
21.4999,19.4253,19.5941,16.9309,18.0912,0.2847,1.7594,0.5717
20.6295,19.7062,18.0009,17.0998,17.4905,0.2171,1.9114,2.2108
18.0041,16.4198,16.3544,15.1573,15.4604,0.0,1.7244,0.5076
20.4612,20.4231,19.465,16.2495,16.8986,0.0509,0.7774,1.4405
23.9491,18.9257,17.6591,17.9484,17.9278,0.2492,1.8712,1.553
20.3646,19.8733,18.3516,17.8113,17.0126,0.1593,0.7275,0.8208
18.8457,15.5148,15.7674,15.0849,14.838,0.0003,1.1535,0.4515
17.9892,16.5531,15.7052,14.6312,15.247,0.0003,1.8813,0.9019
18.2862,17.1483,16.363,16.0988,14.6719,0.0004,1.2299,1.0156
17.2645,17.5516,16.4175,15.2101,15.3892,0.0003,2.5577,0.3366
18.3006,17.0542,15.7245,15.7263,15.2118,0.0015,2.0644,1.0343
20.1243,18.837,17.8078,18.3087,18.431,2.3034,-0.2035,0.2104
17.4157,16.947,14.9933,15.6928,15.4844,0.0002,1.8228,0.6118
20.9365,19.186,17.9984,17.8205,16.4578,0.3823,0.0812,1.7477
19.6614,20.2612,18.8827,16.2178,15.9271,0.053,1.8452,1.6483
18.2248,17.0812,16.1544,15.83,14.3846,0.0003,1.3187,0.9671
20.7702,19.9279,17.6853,17.657,17.6647,0.1841,1.4498,0.6246
19.8109,19.8147,19.8523,18.5931,19.1955,3.1512,0.8536,0.6408
20.3103,18.2867,18.6986,18.5157,17.4078,0.2243,1.0511,1.0911
20.9607,19.0308,18.1482,17.7252,16.9206,0.0627,2.0036,0.8284
22.2001,19.3505,17.3927,18.048,18.1504,0.1011,1.1664,1.8514
18.6508,15.3076,16.7993,15.6347,15.0671,0.0021,1.9343,0.5779
17.1149,16.4239,15.7803,15.6179,15.6233,0.0024,1.8174,0.8495
19.5514,20.096,17.5889,17.746,16.2284,0.2391,2.1551,1.4738
19.849,19.9668,17.6365,17.6485,16.9336,0.14,1.8913,1.0265
18.0797,17.2409,15.4761,15.8681,14.5742,0.0001,1.9404,0.14
19.2525,18.3811,19.0378,19.1869,17.3882,2.3682,0.1657,0.1913
21.7045,17.9702,18.3373,18.2206,18.519,0.0237,0.6916,1.6232
18.65,16.9831,15.3723,15.4462,15.4016,0.0007,2.0217,1.1742
16.6201,17.4138,17.2675,15.4428,15.123,0.0001,1.3926,0.9222
19.4926,16.4251,16.096,15.4847,14.9723,0.0002,0.6457,0.9661
18.5908,15.9244,15.5985,14.7318,15.0725,0.0,1.4486,0.7494
20.9572,20.0124,19.0939,16.807,15.6172,0.1522,1.2732,1.9115
21.6929,19.2068,18.5609,16.7641,16.8626,0.1352,1.6328,1.6795
17.9417,15.7429,16.0755,15.6433,16.2369,0.0002,1.7065,0.6245
17.3817,16.8506,15.9602,16.942,15.3342,0.0003,1.3942,0.9517
17.4585,17.1004,15.6387,14.7491,14.1038,0.0009,1.0225,0.7063
21.826,18.4631,17.4852,17.9654,17.2658,0.09,0.9218,1.2009
17.4457,16.143,16.1892,15.7643,16.5037,0.0008,1.4697,0.2651
19.5094,18.2519,19.5495,18.8834,18.849,2.6056,0.0932,0.5873
18.7343,16.391,15.4667,14.208,16.3213,0.0007,1.1531,0.8851
21.0857,19.7868,18.2322,17.578,18.3233,0.1668,0.9601,0.74
21.5346,20.1005,18.3037,16.9464,16.572,0.2199,1.892,1.7489
19.97,19.6935,18.0213,18.0926,18.01,3.4736,0.4867,0.2055
18.1046,16.2539,17.0061,16.012,15.5668,0.0006,1.8705,1.0707
18.4486,17.8366,15.4904,13.7622,15.622,0.0005,1.4422,0.4006
18.6297,16.5247,15.8732,13.7909,15.6476,0.0001,1.6142,0.8213
21.8545,18.4316,18.0841,17.7153,17.1445,0.1963,1.1503,1.5154
21.9682,20.1667,18.4978,16.4025,16.909,0.1741,1.2245,1.6871
19.6312,18.9767,19.9799,18.3298,17.8837,2.2658,0.2329,-0.5138
22.4642,19.407,19.0191,16.916,17.3544,0.2508,0.9539,1.4307
18.3232,16.936,16.1636,15.7361,14.7609,0.001,1.6791,0.8417
19.6329,20.3307,19.5673,17.3893,16.557,0.2647,1.7634,0.9749
19.0803,19.3728,19.4807,17.3877,17.5947,0.0814,1.672,1.2855
17.8894,16.1079,15.2467,15.264,15.0424,0.0006,1.4757,0.4294
19.492,19.7819,18.1644,18.962,18.2274,3.2141,-0.018,0.2006
20.1049,20.5606,17.0189,16.5789,17.1955,0.3148,1.2585,1.4533
17.8243,15.9122,16.233,15.9715,15.3801,0.0002,1.8859,0.643
17.2497,16.159,15.6145,14.8761,14.8459,0.0002,1.5853,1.633
18.658,17.1826,15.1927,15.764,14.8178,0.0005,1.255,0.5938
21.8971,20.4085,19.4328,17.6123,16.6582,0.0459,1.7616,1.2116
21.6069,18.9658,19.0747,17.0532,17.3237,0.2117,1.3498,1.6713
20.1317,18.2863,18.4573,18.0475,16.5935,0.142,1.497,1.9138
20.2367,19.8857,17.9271,16.9431,17.2237,0.1274,1.9284,1.7665
18.7749,16.8443,16.4956,14.275,16.7958,0.0029,1.5026,0.8387
19.3934,19.6451,18.0127,16.3817,16.7828,0.0283,1.7088,0.9502
21.4632,19.0331,17.7037,18.2088,16.3058,0.0633,1.9757,1.2318
21.2635,18.8213,18.529,18.8546,17.5798,0.0303,1.7721,1.2944
17.9082,15.7092,16.2049,16.3254,16.0041,0.0002,1.3363,0.8263
16.4694,17.0695,15.1247,16.4465,15.837,0.0019,1.8587,0.3993
21.2715,20.1563,18.376,16.5643,15.7448,0.1359,1.8401,1.4057
21.3868,18.4027,18.544,17.0899,15.9498,0.3373,2.2963,1.4338
20.9546,20.8008,18.8256,16.9313,16.8865,0.3804,1.0436,0.6261
18.0082,16.3466,15.3614,15.4624,15.3088,0.0002,1.5789,0.8505
18.6576,16.9299,15.779,14.7232,15.2836,0.001,1.4211,0.1664
21.0527,18.5858,18.7335,19.5611,18.6042,3.068,-0.1441,0.1152
21.2413,20.3334,18.1219,17.385,17.2719,0.1219,0.3398,1.5757
22.0965,20.2008,17.107,17.7951,17.17,0.0315,2.221,1.2507
20.2515,18.9841,18.4772,18.7435,19.1217,2.6138,0.6591,0.179
20.3757,18.7409,18.9706,17.6046,16.0432,0.3911,1.6932,1.4147
18.6926,17.5091,16.0294,15.5753,14.5219,0.0012,1.5609,0.5422
21.8482,18.2845,17.8319,19.7702,17.1325,0.337,1.4046,1.6312
21.5972,18.4703,16.9443,17.6967,16.3344,0.327,1.4586,1.4996
19.9768,18.906,18.0163,18.4445,18.5536,1.8898,-0.3897,0.7774
16.7881,17.1171,14.8034,15.3822,14.8479,0.0003,1.6728,1.1267
18.3882,19.4307,18.9901,19.1762,18.322,3.0959,0.5655,-0.0229
19.888,19.7018,19.1488,16.8365,17.1341,0.2921,2.1558,1.6878
18.8219,18.7128,18.8983,18.7188,18.9266,2.0062,0.1175,-0.0961
21.6515,18.8404,17.3727,17.248,17.0158,0.1214,0.4913,1.377
18.265,16.7259,15.9189,15.8419,14.877,0.0015,1.6155,1.0845
23.6208,19.5734,17.5586,18.8284,17.249,0.2789,2.3175,1.616
19.8244,19.4251,17.3927,16.4949,17.5249,0.0604,0.7782,1.9496
18.856,19.7438,18.6942,18.7101,17.6628,0.926,0.1879,0.4081
19.6977,17.3174,15.4176,15.1166,15.4445,0.0007,1.2368,0.9051
17.8194,16.9166,16.0829,14.8841,15.4859,0.0006,1.5307,0.9354
20.0825,18.9947,17.3534,18.2165,17.0684,0.1984,1.6116,1.14
21.9243,20.5057,19.2054,17.2094,17.1305,0.0396,1.9595,1.792
17.2203,17.8753,15.4546,15.963,15.2908,0.0013,1.478,0.831
18.1592,16.6649,15.4894,14.4842,15.2274,0.0006,1.7463,0.5921
18.6851,17.536,15.9246,15.4777,14.8934,0.0005,1.8017,0.9937
21.8596,19.2601,19.1314,18.6161,17.3754,0.0223,1.0322,0.7598
20.745,20.0451,19.2663,18.3362,16.4085,0.161,2.4726,0.8123
20.5427,19.1268,16.4585,17.3722,16.6701,0.0957,1.4471,1.8811
21.6897,18.7586,17.778,17.1253,16.0398,0.2502,2.1419,1.2265
18.5647,19.7398,19.2345,18.3274,18.0028,0.9489,-0.1796,0.532
21.8114,18.5955,18.5154,17.5132,17.4585,0.2319,2.0867,1.5924
19.1046,19.8463,18.97,19.4702,18.5495,1.4942,0.0356,0.0388
16.7595,15.6717,15.9175,15.3456,16.2185,0.0005,1.0082,0.4946
19.8218,19.574,18.6834,18.573,18.0037,1.7916,0.4511,0.4345
17.8123,17.3665,15.6891,15.8435,15.493,0.0007,1.3818,0.8464
20.214,19.4609,17.278,16.824,16.2318,0.0514,1.0206,0.2501
18.263,17.8133,15.5751,16.0264,15.6048,0.0004,1.6696,0.62
21.3278,19.14,19.0307,16.5553,17.7818,0.2999,2.0108,1.3013
21.5646,20.1996,18.1375,17.2885,16.8582,0.1949,0.7242,1.8709
17.7478,16.0963,16.4191,15.5903,14.9139,0.0005,1.8318,0.8998
20.0042,19.3595,17.5852,16.8099,17.2178,0.0931,1.4959,1.9993
17.2725,17.7287,14.7739,15.1558,15.6178,0.0014,1.7992,0.5057
21.3676,18.2884,17.8149,17.658,18.1407,0.3378,1.5008,0.7432
19.1725,16.5679,15.3257,16.1442,14.5874,0.0012,1.4475,1.4238
19.4251,19.5854,18.7588,18.2946,18.5146,1.3747,0.8606,0.0979
19.2304,16.8486,14.556,15.0914,15.6655,0.0013,1.414,0.6772
19.5089,15.7527,15.0317,16.0371,15.3169,0.0001,0.8716,1.1452
19.153,16.5129,15.6938,15.9554,16.018,0.0,1.8862,0.6532
20.7049,19.1002,18.3326,16.5945,17.2718,0.3481,1.6097,1.3632
17.7258,16.5037,15.3774,15.5358,15.195,0.0006,1.9692,0.9159
